# JETABLE (plan 3c, tache 10). Un verdict par plage de commentaire d'app/src/ecran.ts.
# Lu par `node outils/exporter-ecrans.mjs --registre <chemin>`, qui ECHOUE si une seule
# plage n'a pas de verdict -- ou si un verdict vise une ligne qui n'ouvre aucune plage.
#
# Trois verdicts, et TROIS SEULEMENT :
#   attachee[:chemin]   -> devient la `note` de la valeur qui la SUIT immediatement
#   type                -> porte sur un TYPE, reste dans le depot (decision 1 de la spec)
#   orpheline:<raison>  -> abandonnee, et la raison est obligatoire (10 caracteres au moins)
#
# Mesure du 2026-09-14 sur `ecran.ts` a 551 lignes : 178 plages, 286 lignes, 21 multilignes.
# Ce fichier ne porte que des numeros de ligne, des verdicts et des chemins : aucun
# `entity_id`, aucun texte de commentaire. C'est ce qui lui permet d'entrer dans git,
# contrairement au registre qu'il produit.
#
# Les lignes vides et les lignes ouvertes par `#` sont ignorees.

# Les docstrings de TYPE (decision 1 de la spec) : le type reste dans le depot,
# la donnee part. Y compris celles qui citent une piece en exemple -- elles
# decrivent la FORME du champ, pas le reglage de cette maison.
8	type
12	type
16	type
22	type
32	type
47	type
51	type
62	type
68	type
87	type
95	type
101	type
113	type
115	type
122	type
131	type
134	type
137	type
139	type
141	type
146	type
149	type
160	type
166	type
173	type
178	type
183	type

# SALON -- pourquoi la rangee d'ambiances est vide, ce que les cinq commandes
# coutent, et ce que `perso` masque. Aucun `note` ne vit sur un tableau :
# le raisonnement va a l'ecran.
197	attachee:salon.note
198	attachee:salon.note
199	attachee:salon.note
200	attachee:salon.note
201	attachee:salon.note
202	attachee:salon.note
203	attachee:salon.note
204	attachee:salon.note
205	attachee:salon.note
207	attachee:salon.note
208	attachee:salon.note
209	attachee:salon.note
279	attachee:salon.note
280	attachee:salon.note
281	attachee:salon.note

# SALON -- la Porte, epinglee a la demande du proprietaire.
213	attachee:salon.commandes[2].note
214	attachee:salon.commandes[2].note
215	attachee:salon.commandes[2].note
216	attachee:salon.commandes[2].note
217	attachee:salon.commandes[2].note
218	attachee:salon.commandes[2].note
219	attachee:salon.commandes[2].note

# SALON -- le Rideau, epingle le 2026-08-29.
223	attachee:salon.commandes[3].note
224	attachee:salon.commandes[3].note
225	attachee:salon.commandes[3].note
226	attachee:salon.commandes[3].note
227	attachee:salon.commandes[3].note
228	attachee:salon.commandes[3].note
229	attachee:salon.commandes[3].note
230	attachee:salon.commandes[3].note

# SALON -- l'ordre d'exclusivite des sources, porte par la premiere qui gagne.
237	attachee:salon.sources[0].note
238	attachee:salon.sources[0].note

# SALON -- le televiseur et ses quatre entites, puis le Philips en tete du volume.
259	attachee:salon.sources[2].note
260	attachee:salon.sources[2].note
272	attachee:salon.sources[2].note
273	attachee:salon.sources[2].note

# SALON -- la ligne DLC, seule chose que le garde-manger apporte a l'entree.
287	attachee:salon.synthese[4].note
288	attachee:salon.synthese[4].note
289	attachee:salon.synthese[4].note
290	attachee:salon.synthese[4].note
291	attachee:salon.synthese[4].note

# SALON -- pourquoi `minuteur` et `recette` sont retires de la liste des modes.
309	attachee:salon.agencement.note
310	attachee:salon.agencement.note
311	attachee:salon.agencement.note

# BUREAU -- pourquoi quatre commandes au lieu de deux, et dans quel ordre.
327	attachee:bureau.note
328	attachee:bureau.note
329	attachee:bureau.note
330	attachee:bureau.note
331	attachee:bureau.note
332	attachee:bureau.note
333	attachee:bureau.note
334	attachee:bureau.note
335	attachee:bureau.note
336	attachee:bureau.note

# BUREAU -- le Ventilateur, bascule en direct faute de script HA.
340	attachee:bureau.commandes[2].note
341	attachee:bureau.commandes[2].note
342	attachee:bureau.commandes[2].note

# BUREAU -- le Velux, tuile d'etat pure sans actionneur.
345	attachee:bureau.commandes[3].note
346	attachee:bureau.commandes[3].note
347	attachee:bureau.commandes[3].note
348	attachee:bureau.commandes[3].note
349	attachee:bureau.commandes[3].note
350	attachee:bureau.commandes[3].note
351	attachee:bureau.commandes[3].note

# BUREAU -- les modes retires, puis le bloc central par defaut.
386	attachee:bureau.agencement.note
387	attachee:bureau.agencement.note
390	attachee:bureau.agencement.note
391	attachee:bureau.agencement.note
392	attachee:bureau.agencement.note

# CUISINE -- le remaniement du 2026-08-29 (ambiances), les quatre commandes,
# et la seule liste de taches supplementaire de la maison.
400	attachee:cuisine.note
401	attachee:cuisine.note
402	attachee:cuisine.note
403	attachee:cuisine.note
404	attachee:cuisine.note
406	attachee:cuisine.note
407	attachee:cuisine.note
408	attachee:cuisine.note
409	attachee:cuisine.note
410	attachee:cuisine.note
411	attachee:cuisine.note
419	attachee:cuisine.note
420	attachee:cuisine.note
421	attachee:cuisine.note
422	attachee:cuisine.note
423	attachee:cuisine.note
525	attachee:cuisine.note
526	attachee:cuisine.note

# CUISINE -- la Hotte en tete, et son icone.
429	attachee:cuisine.commandes[0].note
430	attachee:cuisine.commandes[0].note
431	attachee:cuisine.commandes[0].note
432	attachee:cuisine.commandes[0].note
433	attachee:cuisine.commandes[0].note
434	attachee:cuisine.commandes[0].note
435	attachee:cuisine.commandes[0].note
436	attachee:cuisine.commandes[0].note

# CUISINE -- le Rideau, et le contournement du bug ZHA `open_cover`.
438	attachee:cuisine.commandes[1].note
439	attachee:cuisine.commandes[1].note
440	attachee:cuisine.commandes[1].note
441	attachee:cuisine.commandes[1].note
442	attachee:cuisine.commandes[1].note
443	attachee:cuisine.commandes[1].note
444	attachee:cuisine.commandes[1].note
445	attachee:cuisine.commandes[1].note
446	attachee:cuisine.commandes[1].note
447	attachee:cuisine.commandes[1].note
448	attachee:cuisine.commandes[1].note
449	attachee:cuisine.commandes[1].note

# CUISINE -- Courses, et sa navigation interne `vue`.
452	attachee:cuisine.commandes[2].note
453	attachee:cuisine.commandes[2].note
454	attachee:cuisine.commandes[2].note
455	attachee:cuisine.commandes[2].note

# CUISINE -- Recette, et son indicateur de disponibilite.
458	attachee:cuisine.commandes[3].note
459	attachee:cuisine.commandes[3].note
460	attachee:cuisine.commandes[3].note
461	attachee:cuisine.commandes[3].note
462	attachee:cuisine.commandes[3].note

# CUISINE -- la cinquieme entree de synthese, la DLC : pourquoi `todo.`,
# pourquoi apres `todo.maintenance`, et pourquoi jamais une alerte.
495	attachee:cuisine.synthese[4].note
496	attachee:cuisine.synthese[4].note
497	attachee:cuisine.synthese[4].note
499	attachee:cuisine.synthese[4].note
500	attachee:cuisine.synthese[4].note
501	attachee:cuisine.synthese[4].note
502	attachee:cuisine.synthese[4].note
503	attachee:cuisine.synthese[4].note
504	attachee:cuisine.synthese[4].note
506	attachee:cuisine.synthese[4].note
507	attachee:cuisine.synthese[4].note
509	attachee:cuisine.synthese[4].note
510	attachee:cuisine.synthese[4].note

# CUISINE -- le Scanner, qui ne vit que dans la vue « Toute la maison ».
514	attachee:cuisine.extrasMaison[0].note
515	attachee:cuisine.extrasMaison[0].note
516	attachee:cuisine.extrasMaison[0].note
517	attachee:cuisine.extrasMaison[0].note
518	attachee:cuisine.extrasMaison[0].note
519	attachee:cuisine.extrasMaison[0].note
520	attachee:cuisine.extrasMaison[0].note

# CUISINE -- « Aspirer ici », et pourquoi ce libelle-la.
534	attachee:cuisine.aspirateurMaison.note
535	attachee:cuisine.aspirateurMaison.note
536	attachee:cuisine.aspirateurMaison.note
537	attachee:cuisine.aspirateurMaison.note

# CUISINE -- la seule piece a porter `minuteur` et `recette`, puis son bloc.
542	attachee:cuisine.agencement.note
545	attachee:cuisine.agencement.note
546	attachee:cuisine.agencement.note

# Les quatre lignes `//` nues qui separent deux paragraphes d'un meme bloc.
405	orpheline:ligne `//` nue, separateur de paragraphe sans aucun texte a transporter -- la perte est nulle, `enNote` filtre de toute facon les lignes vides
498	orpheline:ligne `//` nue, separateur de paragraphe sans aucun texte a transporter -- la perte est nulle, `enNote` filtre de toute facon les lignes vides
505	orpheline:ligne `//` nue, separateur de paragraphe sans aucun texte a transporter -- la perte est nulle, `enNote` filtre de toute facon les lignes vides
508	orpheline:ligne `//` nue, separateur de paragraphe sans aucun texte a transporter -- la perte est nulle, `enNote` filtre de toute facon les lignes vides

# Un bloc egare : ces quatre lignes sont le DOUBLON EXACT des lignes 452-455
# (verifie par `diff`), qui precedent la tuile « Courses » qu'elles decrivent.
# Posees ici juste apres `commandes: [`, elles surplombent la Hotte, qui ne
# porte aucun `vue`. La copie utile part avec Courses ; celle-ci n'a pas de
# valeur a suivre.
425	orpheline:doublon exact des lignes 452-455, qui precedent la tuile « Courses » qu'elles decrivent ; la copie utile part avec elle, celle-ci n'a aucune valeur a suivre
426	orpheline:doublon exact des lignes 452-455, qui precedent la tuile « Courses » qu'elles decrivent ; la copie utile part avec elle, celle-ci n'a aucune valeur a suivre
427	orpheline:doublon exact des lignes 452-455, qui precedent la tuile « Courses » qu'elles decrivent ; la copie utile part avec elle, celle-ci n'a aucune valeur a suivre
428	orpheline:doublon exact des lignes 452-455, qui precedent la tuile « Courses » qu'elles decrivent ; la copie utile part avec elle, celle-ci n'a aucune valeur a suivre
